<?xml version="1.0" encoding="UTF-8" standalone="yes"?>
<addon id="script.bingie.helper" name="Bingie2 Helper" version="2.0.0" provider-name="cartman.dos & iCH3F">
	<requires>
		<import addon="xbmc.python" version="2.1.0"/>
		<import addon="script.module.simplejson" version="2.0.10"/>
	</requires>
	<extension point="xbmc.python.script" library="default.py" />
	<extension point="xbmc.addon.metadata">
		<language/>
		<summary lang="en">BINGIE2 Helper Script</summary>
		<description lang="en">Helper for some of BINGIE2's features</description>
		<platform>all</platform>
		<license>GPL v3.0</license>
		<forum>https://forum.kodi.tv/showthread.php?tid=334820</forum>
		<website></website>
		<source></source>
		<assets>
			<icon>resources/icon.png</icon>
			<fanart>resources/fanart.jpg</fanart>
		</assets>
	</extension>
</addon>
