<?xml version="1.0" encoding="UTF-8" standalone="yes"?>
<addon id="script.module.mechanicalsoup"
	name="MechanicalSoup"
	version="0.12.0"
	provider-name="Matthew Hickford, Dan Hemberger, Matthieu Moy">
	<requires>
		<import addon="xbmc.python" version="2.25.0"/>
		<import addon="script.module.requests" version="2.0.0"/>
		<import addon="script.module.beautifulsoup4" version="4.4.0"/>
		<import addon="script.module.six" version="1.4.0"/>
	</requires>
	<extension point="xbmc.python.module" library="lib" />
	<extension point="xbmc.addon.metadata">
		<summary lang="en_GB">A Python library for automating interaction with websites.</summary>
		<forum></forum>
		<website>https://mechanicalsoup.readthedocs.io/</website>
		<license>MIT</license>
		<platform>all</platform>
		<source>https://github.com/MechanicalSoup/MechanicalSoup</source>
        <assets>
            <icon>icon.png</icon>
        </assets>
	</extension>
</addon>
